Title,URL,Domain,EstimatedTraffic,AvvoRating,AvvoReviews,YelpReviews,YelpStars,YelpPhotos
Ventura Personal Injury Lawyer | Richard | Bartlett Lawyers,https://www.richardinjurylaw.com/,richardinjurylaw.com,TBD,,,,,
"Best Ventura, CA Personal Injury Attorneys | Super Lawyers",https://attorneys.superlawyers.com/personal-injury-plaintiff/california/ventura/,superlawyers.com,TBD,,,,,
"TOP 10 BEST Injury Attorney in Ventura, CA - Updated 2025 - Yelp","https://www.yelp.com/search?find_desc=Injury+Attorney&find_loc=Ventura,+CA",yelp.com,TBD,,,N/A,N/A,N/A
"Top Rated Ventura, CA Personal Injury Lawyers - Avvo.com",https://www.avvo.com/personal-injury-lawyer/ca/ventura.html,avvo.com,TBD,N/A,N/A,,,
"Ventura, CA Personal Injury Law Firms & Lawyers",https://www.lawyers.com/personal-injury/ventura/california/law-firms/,lawyers.com,TBD,,,,,
"Best Personal Injury Lawyers in Ventura, CA | Justia Lawyer ...",https://www.justia.com/lawyers/personal-injury/california/ventura,justia.com,TBD,,,,,
"Ventura Personal Injury Attorney - No-Win, No-Fee",https://www.kjtlawgroup.com/ventura/,kjtlawgroup.com,TBD,,,,,
"Ventura Personal Injury Attorney Ventura CA - Quirk Law Firm, LLP",https://www.quirklawyers.com/,quirklawyers.com,TBD,,,,,
Ventura Car Accident Lawyer | Personal... | Cohen Injury Law Group,https://coheninjurylawgroup.com/,coheninjurylawgroup.com,TBD,,,,,
Ventura Personal Injury Lawyers | Wilshire Law Firm,https://wilshirelawfirm.com/locations/ventura-ca/,wilshirelawfirm.com,TBD,,,,,
"23 Best Car Accident Lawyers Ventura , CA | Expertise.com",https://www.expertise.com/legal/car-accident-lawyers/california/ventura,expertise.com,TBD,,,,,
Oxnard Personal Injury Lawyers | Schurmer Reese Davies,https://www.schurmerfirm.com/,schurmerfirm.com,TBD,,,,,
Personal Injury And Workers' Comp | Deirdre Frank Personal Injury ...,https://www.personalinjuryventura.com/,personalinjuryventura.com,TBD,,,,,
Personal Injury Accident Attorney Ventura - OPO Law,https://www.opolaw.com/ventura/,opolaw.com,TBD,,,,,
"Ventura Personal Injury Lawyer | Crane Flores, LLP - Crane Flores...",https://www.cranefloresllp.com/ventura-personal-injury-lawyer/,cranefloresllp.com,TBD,,,,,
