address,ads_library_signal,ads_signal,ads_signals,ai_assessment,ai_competitive_gaps,ai_competitive_strength,ai_target_keywords,alt_coverage_pct,backlink_signal,booking_links,collected_at,collection_date,competitor_score,confidence_score,contact_page,directory_citation_signal,domain,domain_authority,emails,external_links,g_address,g_google_place_url,g_name,g_photo_count,g_place_id,g_rating,g_user_ratings_total,g_website,google_place_url,h1,hiring_growth_signal,hiring_signal,hiring_signals,hunter_email_count,hunter_emails,hunter_verified,image_count,indexed_pages_estimate,internal_links,latest_review_date,logo_url,meta_description,name,phones,photo_count,photo_frequency_per_day,pricing_page_url,query,rating,review_velocity_per_day,reviews_facebook_signal,reviews_legal_directory_signal,reviews_yelp_signal,robots_txt,schema_present,sitemap_xml,social_activity_signal,social_facebook,social_instagram,social_linkedin,social_metrics_signal,social_platform_count,social_twitter,source,tier,title,traffic_estimate,url,user_ratings_total,word_count
"6550 St Augustine Rd #102, Jacksonville, FL 32217, USA",,1,,,,5,,0.0,35,,2026-01-23T05:21:18.719005Z,2026-01-23,100,80,,0.33,reddit.com,79,9f057df6115a4bb488c08ea12a835e6e@error-tracking.reddit.com,7,"6821 Southpoint Dr N Room 226, Jacksonville, FL 32216, USA",https://maps.google.com/?cid=8503169785992554401,Jacksonville Real Estate Investors Association,10,ChIJMwaTwE-05YgRoafrXt5TAXY,4.8,34,http://jaxreia.org/,https://maps.google.com/?cid=1891599889449759334,Is this a good deal in Jacksonville?,,0,,0,[],0,1,0,14,,,,"NORTH FLORIDA PROPERTY INVESTORS, INC",7058197287 | 0000000026 | 17691456733 | 17168397901 | 4398070479 | 3830358402,0,,https://www.reddit.com/pricing,real estate investors jacksonville fl,,,0,0,1,yes,no,yes,,,,,,0,,google_cse,Tier 1,Reddit - The heart of the internet,N/A,https://www.reddit.com/r/realestateinvesting/comments/1d20kyg/is_this_a_good_deal_in_jacksonville/,,304
"6821 Southpoint Dr N Room 226, Jacksonville, FL 32216, USA",,tiktok,,,,5,,100.0,89,https://www.facebook.com/sharer/sharer.php?u=https://www.limaone.com/jacksonville-florida-real-estate-investment/ | https://www.facebook.com/LimaOneCapital,2026-01-23T05:21:22.020689Z,2026-01-23,100,100,https://www.limaone.com/contact-us/,0.33,limaone.com,26,hello@limaone.com,14,"245 Riverside Ave Suite 106, Jacksonville, FL 32202, USA",https://maps.google.com/?cid=9037982274406954400,Priority Home Buyers | Sell My House Fast for Cash Jacksonville,10,ChIJn2qeilm35YgRoLVNSP5cbX0,4.5,17,https://priorityhomebuyers.com/sell-my-house-fast-jacksonville-florida/,https://maps.google.com/?cid=8503169785992554401,"Investing in Real Estate in Jacksonville, Florida: Key Statistics",careers,active,careers,0,[],0,24,0,83,2024-07-18,https://www.limaone.com/wp-content/uploads/real-estate-investors-home-top-banner.webp,"See why investors are choosing real estate in Jacksonville, Florida for their next investments. Explore the potential of Florida’s coast beyond Miami.",Jacksonville Real Estate Investors Association,9999999999 | 6666666667 | 3333333333 | 1.6666666667 | 6666666666 | 2857142857 | 8333333333 | 1022550964 | 1080806741 | 8003904212 | (800) 390-4212 | 8333155112 | (833) 315-5112 | 8333154404 | (833) 315-4404 | 800-390-4212 | 2081324403,10,,,real estate investors jacksonville fl,4.8,,0,0,1,yes,yes,yes,active,https://www.facebook.com/sharer/sharer.php?u=https://www.limaone.com/jacksonville-florida-real-estate-investment/ | https://www.facebook.com/LimaOneCapital,https://www.instagram.com/limaonecapital/,https://www.linkedin.com/start/join?session_redirect=https%3A%2F%2Fwww.linkedin.com%2Fsharing%2Fshare-offsite%3Fmini%3Dtrue%26title%3DInvesting+in+Real+Estate+in+Jacksonville%2C+Florida%3A+Key+Statistics%26url%3Dhttps://www.limaone.com/jacksonville-florida-real-estate-investment/%2F%26summary%3DLorem%2Bipsum%2Bdolor%2Bsit%2Bamet%252C%2Bconsectetur%2Badipiscing%2Belit%252C%2Bsed%2Bdo%2Beiusmod%2Btempor%2Bincididunt%2But%2Blabore%2B... | https://www.linkedin.com/company/lima-one-capital-llc/,facebook; instagram; linkedin; twitter,4,https://twitter.com/intent/tweet?text=Investing+in+Real+Estate+in+Jacksonville%2C+Florida%3A+Key+Statistics&url=https://www.limaone.com/jacksonville-florida-real-estate-investment/ | https://x.com/limaonecapital,google_cse,Tier 1,Market Analysis for Real Estate in Jacksonville Florida,N/A,https://www.limaone.com/jacksonville-florida-real-estate-investment/,34,1612
"6821 Southpoint Dr N Room 226, Jacksonville, FL 32216, USA",,,,,,5,,0.0,477,https://www.facebook.com/RealEstateBees/,2026-01-23T05:22:36.932643Z,2026-01-23,100,90,https://realestatebees.com/contact/,0.33,realestatebees.com,35,,9,"6821 Southpoint Dr N Room 226, Jacksonville, FL 32216, USA",https://maps.google.com/?cid=8503169785992554401,Jacksonville Real Estate Investors Association,10,ChIJMwaTwE-05YgRoafrXt5TAXY,4.8,34,http://jaxreia.org/,https://maps.google.com/?cid=8503169785992554401,Top 10 Jacksonville Real Estate Investment Companies,careers,active,careers,0,[],0,21,0,272,2024-07-18,https://realestatebees.com/wp-content/uploads/2019/03/Real-Estate-Bees-Reception.jpg,,Jacksonville Real Estate Investors Association,1756099854 | 1724917198 | 18010529282 | 1769121812 | 1619274145 | 1762719020 | 1685453409 | 1623941801 | 1677441887 | 1651977443 | 1664366530 | 1563957846 | 7387341946 | 1756099859 | 1740998339 | 1760452790,10,,https://realestatebees.com/cost,real estate investors jacksonville fl,4.8,,0,0,1,yes,yes,yes,active,https://www.facebook.com/RealEstateBees/,https://www.instagram.com/realestatebees/,https://www.linkedin.com/company/real-estate-bees/,facebook; instagram; linkedin; twitter,4,https://twitter.com/RealEstateBees,google_cse,Tier 1,10 Best Real Estate Investors in Jacksonville FL [Real Estate Bees] Jacksonville Investment Companies,N/A,https://realestatebees.com/resources/investors/fl/jacksonville/,34,3836
"12058 San Jose Blvd STE 304, Jacksonville, FL 32223, USA",,,,,,5,,100.0,21,http://www.facebook.com/pages/Augustyniak-Insurance-Group/115966728441488 | https://www.facebook.com/sharer.php?u=https%3A%2F%2Fwww.weshopinsurance.com%2Fnews%2F2025%2F11%2Fflorida-vacant-property-insurance-for-investors-dp1,2026-01-23T05:23:19.170408Z,2026-01-23,100,90,,0.0,weshopinsurance.com,19,,20,"12058 San Jose Blvd STE 304, Jacksonville, FL 32223, USA",https://maps.google.com/?cid=13846265972189254063,Augustyniak Insurance Group,10,ChIJt6jNg8TO5YgRr1HrgYrRJ8A,4.9,2177,http://www.weshopinsurance.com/,https://maps.google.com/?cid=13846265972189254063,Florida Vacant Property Insurance for Investors - DP1,,0,,0,[],0,2,0,55,2026-01-02,https://www.weshopinsurance.com/images/news/86625/23048/large/Florida_Landlord_Insurance_for_Vacant_Homes.png,"Protect your vacant Florida investment property with a DP1 policy. Learn what it covers, what it excludes, and why investors must use vacant home insurance",Augustyniak Insurance Group,1768285200 | 1490732090 | 19042683106 | 904-268-3106 | 11596672844 | 19042683107 | 904-268-3107,10,,,real estate investors jacksonville fl,4.9,,0,0,0,yes,yes,yes,active,http://www.facebook.com/pages/Augustyniak-Insurance-Group/115966728441488 | https://www.facebook.com/sharer.php?u=https%3A%2F%2Fwww.weshopinsurance.com%2Fnews%2F2025%2F11%2Fflorida-vacant-property-insurance-for-investors-dp1,,http://www.linkedin.com/company/augustyniak-insurance-group?trk=copro_tab | https://www.linkedin.com/shareArticle?url=https%3A%2F%2Fwww.weshopinsurance.com%2Fnews%2F2025%2F11%2Fflorida-vacant-property-insurance-for-investors-dp1&title=Florida+Vacant+Property+Insurance+for+Investors+-+DP1,facebook; linkedin; twitter,3,https://twitter.com/AugustyniakIns | https://twitter.com/share?url=https%3A%2F%2Fwww.weshopinsurance.com%2Fnews%2F2025%2F11%2Fflorida-vacant-property-insurance-for-investors-dp1&text=Florida+Vacant+Property+Insurance+for+Investors+-+DP1&via=AugustyniakIns,google_cse,Tier 1,"Florida Vacant Property Insurance for Investors - DP1 | Augustyniak Insurance Group in Jacksonville, Florida",N/A,https://www.weshopinsurance.com/news/2025/11/florida-vacant-property-insurance-for-investors-dp1,2177,2044
"818 Jimmy Buffett Mem Hwy #204, Ponte Vedra Beach, FL 32082, USA",,google,,,,5,,82.46,8,https://www.facebook.com/pages/Marcus-Millichap/470840972970891,2026-01-23T05:23:42.715221Z,2026-01-23,100,100,,0.33,marcusmillichap.com,37,david.bradley@marcusmillichap.com,5,"8833 Perimeter Park Blvd STE 701, Jacksonville, FL 32216, USA",https://maps.google.com/?cid=3795905619667846389,"Anthony Migliore, SVN First Coast Commercial Real Estate Specialists",9,ChIJeYpZNAnK5YgR9QQ2rQzErTQ,5,28,http://firstcoastcommercial.com/,https://maps.google.com/?cid=15435233911755894386,Commercial Real Estate in Jacksonville,careers,active,careers,0,[],0,57,0,98,2024-04-01,https://mmimageservice.azurewebsites.net/api/image/office/047,Commercial Real Estate in Jacksonville,Marcus & Millichap,6390452731 | 6390474261 | 9979641898 | (904) 672-1400 | (904) 672-1410 | (813) 387-4750 | 1181825764 | 1045571806 | 6643368318 | 5922267213 | 1158607726 | 9437080738 | 4682866352 | 9845678264 | 2193500348 | 7737296671 | 4708409729,3,,https://www.marcusmillichap.com/research/research-brief/2026/01/research-brief-january-interest-rates,real estate investors jacksonville fl,1,,0,0,1,yes,no,no,active,https://www.facebook.com/pages/Marcus-Millichap/470840972970891,,http://www.linkedin.com/company/6346,facebook; linkedin; twitter,3,http://twitter.com/mmreis,google_cse,Tier 1,Commercial Real Estate in Jacksonville,N/A,https://www.marcusmillichap.com/about-us/offices/jacksonville-florida,1,1471
"200 Riverside Ave Suite 5, Jacksonville, FL 32202, USA",,google,,,,5,,69.05,136,https://www.facebook.com/NAIHallmark/,2026-01-23T05:24:05.959918Z,2026-01-23,100,90,https://naihallmark.com/contact/,0.0,naihallmark.com,22,,18,"200 Riverside Ave Suite 5, Jacksonville, FL 32202, USA",https://maps.google.com/?cid=17916096393330889869,NAI Hallmark,10,ChIJKVcSVwfK5YgRjRQlBr_Covg,4.7,51,https://www.naihallmark.com/,https://maps.google.com/?cid=17916096393330889869,Local Expertise,careers,active,careers,0,[],0,42,0,153,2025-12-31,https://naihallmark.com/wp-content/uploads/2024/07/video-thumb-3-1024x576.png,"NAI Hallmark is a leading Jacksonville commercial real estate firm specializing in office, industrial and retail properties.",NAI Hallmark,904.363.9002 | 2332202747 | 4418027416 | 18080569373 | 1768825830 | 18336508180 | 9158816880 | 18165731602 | 1768240205 | 18335796562 | 15516695394 | 18112263187 | 1767970145 | 18335497363 | 7359073761 | 18097844450 | 1767905980 | +1 (904) 363-9002 | 18335430175 | 8594943210 | 18074779451 | 1767794802 | 18335311375 | 3718349984 | 18335311282 | 19989424897 | 18335311294 | 8750272704 | 18121545166 | 1767629791 | 18335228122 | 8678470581 | 18335135695 | 2016575578 | 3235753834 | 17126014176 | 4941486749 | 14209973170,10,,,real estate investors jacksonville fl,4.7,,0,0,0,yes,yes,yes,active,https://www.facebook.com/NAIHallmark/,https://scontent-man2-1.cdninstagram.com/v/t51.82787-15/619790279_18336508180208471_9158816880719502876_n.jpg?stp=dst-jpg_e35_tt6&_nc_cat=111&ccb=7-5&_nc_sid=18de74&efg=eyJlZmdfdGFnIjoiRkVFRC5iZXN0X2ltYWdlX3VybGdlbi5DMyJ9&_nc_ohc=B1TTjLWyOqwQ7kNvwECR6LK&_nc_oc=AdkMsd_Q15WDd1Ivju8w6fNn_wcOMqFSyUxljI-PyTUiUNDvHmKahZus8iNReTsCuP-hP-8eSfy7-OGnZC5OKw7q&_nc_zt=23&_nc_ht=scontent-man2-1.cdninstagram.com&edm=ANo9K5cEAAAA&_nc_gid=y80QumaoU3d8B3YJBxcQAQ&oh=00_AfpMNz2XpOqPMC1xW416brZYHmwX-hCVhUTRjOTa2fb3hQ&oe=69782945 | https://www.instagram.com/p/DTsTwZkjd7t/ | https://scontent-man2-1.cdninstagram.com/v/t51.82787-15/587796445_18335796562208471_1551669539499283359_n.jpg?stp=dst-jpg_e35_tt6&_nc_cat=111&ccb=7-5&_nc_sid=18de74&efg=eyJlZmdfdGFnIjoiRkVFRC5iZXN0X2ltYWdlX3VybGdlbi5DMyJ9&_nc_ohc=toKwIF03Pg4Q7kNvwFwqroT&_nc_oc=Adm9yfnIYpze6Z8lL-4QqSiI6S4BzIcW8C2-o6utrPPnNJzAUtR9bTJMxMsIZ2LI1Z-iEXKXQIA5M5YWJLr5RXX8&_nc_zt=23&_nc_ht=scontent-man2-1.cdninstagram.com&edm=ANo9K5cEAAAA&_nc_gid=y80QumaoU3d8B3YJBxcQAQ&oh=00_AfpqH87Coc83OJ-k66zEpmnP608C3kwFEatq7PI2FcU1Wg&oe=697846F7 | https://www.instagram.com/p/DTa2xtVjyWR/ | https://scontent-man2-1.cdninstagram.com/v/t51.82787-15/612118016_18335497363208471_7359073761163223724_n.jpg?stp=dst-jpg_e35_tt6&_nc_cat=110&ccb=7-5&_nc_sid=18de74&efg=eyJlZmdfdGFnIjoiQ0FST1VTRUxfSVRFTS5iZXN0X2ltYWdlX3VybGdlbi5DMyJ9&_nc_ohc=dECXyXYXTBoQ7kNvwFpSeVW&_nc_oc=Adn8P3rugC1H39ookGBlDAJqfaibkfl8E9AzvozSJH1nccE-lcB0KbnuIR4Gzy5aLbLasx-mjfGhPC4qNAyFNYTh&_nc_zt=23&_nc_ht=scontent-man2-1.cdninstagram.com&edm=ANo9K5cEAAAA&_nc_gid=y80QumaoU3d8B3YJBxcQAQ&oh=00_AfovOoTG8V73A4avlXRuYQZFBidU10xFBr4uMO3WMoeotg&oe=69782C79 | https://www.instagram.com/p/DTSzrZijW_s/ | https://scontent-man2-1.cdninstagram.com/v/t51.82787-15/608726061_18335430175208471_8594943210470757985_n.jpg?stp=dst-jpg_e35_tt6&_nc_cat=109&ccb=7-5&_nc_sid=18de74&efg=eyJlZmdfdGFnIjoiRkVFRC5iZXN0X2ltYWdlX3VybGdlbi5DMyJ9&_nc_ohc=1lHKBcrMMfQQ7kNvwF9POdh&_nc_oc=AdndMSvds5-d8lnZDKtYEROFFw1zLwPna8TQBu17TVwFdiBOpEGZelypg2SWQa-ATfmHeznb1gqk2Joy0_YOLtTG&_nc_zt=23&_nc_ht=scontent-man2-1.cdninstagram.com&edm=ANo9K5cEAAAA&_nc_gid=y80QumaoU3d8B3YJBxcQAQ&oh=00_Afpb1kLnJc2Z-JIDDYZhXMfAq3iL3tyUDTSSKLB88oMdug&oe=69784ADD | https://www.instagram.com/p/DTQ5SuTD_cj/ | https://scontent-man2-1.cdninstagram.com/v/t51.82787-15/610749723_18335311375208471_3718349984443744683_n.jpg?stp=dst-jpg_e35_tt6&_nc_cat=107&ccb=7-5&_nc_sid=18de74&efg=eyJlZmdfdGFnIjoiQ0FST1VTRUxfSVRFTS5iZXN0X2ltYWdlX3VybGdlbi5DMyJ9&_nc_ohc=BEzM2kd-lx0Q7kNvwFzx18F&_nc_oc=AdmOvkCBDLSSa2udaM1BH0ALDwhdJgvb6MObZOPOWJVRxa3z9ilu1tkOXpUrfkoK3ap8132bJ0V_urdYDSryeAgQ&_nc_zt=23&_nc_ht=scontent-man2-1.cdninstagram.com&edm=ANo9K5cEAAAA&_nc_gid=y80QumaoU3d8B3YJBxcQAQ&oh=00_AfokfXH94eK6ENcbSMiZHsLtWgceLXtNvM4mXSmN9IAL9w&oe=69784C94 | https://www.instagram.com/p/DTNlPPYgADG/ | https://scontent-man2-1.cdninstagram.com/v/t51.82787-15/609546102_18335228122208471_8678470581711857773_n.jpg?stp=dst-jpg_e35_tt6&_nc_cat=111&ccb=7-5&_nc_sid=18de74&efg=eyJlZmdfdGFnIjoiQ0xJUFMuYmVzdF9pbWFnZV91cmxnZW4uQzMifQ%3D%3D&_nc_ohc=FiCxxduXEusQ7kNvwHPHoXB&_nc_oc=AdkFT33Z3G0b52IiMHG-V9vFE99vBsFbb32lVnCmJpdBh-3qk-A8zNDlwyCPHU5U1aYsjCcy-KCghV2_jYUS4UU8&_nc_zt=23&_nc_ht=scontent-man2-1.cdninstagram.com&edm=ANo9K5cEAAAA&_nc_gid=y80QumaoU3d8B3YJBxcQAQ&oh=00_AfpzxRioL-F7yAxczmBuRrox2s1crJPLg8jKXd1SJiX49A&oe=69783B45 | https://www.instagram.com/reel/DTIqOWzAqwS/ | https://www.instagram.com/naihallmark/?hl=en,https://www.linkedin.com/company/naihallmark/,facebook; instagram; linkedin; twitter,4,https://twitter.com/NAI_Hallmark,google_cse,Tier 1,"NAI Hallmark, Jacksonville Commercial Real Estate | NAI Hallmark",N/A,https://naihallmark.com/,51,1795
"6550 St Augustine Rd #102, Jacksonville, FL 32217, USA",,2,,,,5,,75.0,79,https://www.facebook.com/redfin,2026-01-23T05:24:48.192657Z,2026-01-23,100,70,,0.33,redfin.com,53,,19,"1646 Rogero Rd, Jacksonville, FL 32211, USA",https://maps.google.com/?cid=16819586494779131650,ALKO Homebuyers,10,ChIJPY5Irh1L5IgRAodEks0sa-k,5,64,http://www.jacksonvillehomeoffers.com/,https://maps.google.com/?cid=1891599889449759334,"Investment Property - Jacksonville, FL Real Estate & homes for sale & real estate",careers; jobs,1,careers; jobs,0,[],0,64,0,172,,https://ssl.cdn-redfin.com/photo/149/bcsphoto/795/genBcs.2125795_0.webp,"Find Jacksonville, FL homes for sale matching Investment Property. Discover photos, open house information, and listing details for listings matching Investment Property in Jacksonville","NORTH FLORIDA PROPERTY INVESTORS, INC",17691458827 | 6396161879 | 5169600385 | 1-844-759-7732 | 2145927144 | 2067561278 | 1520515749 | 1834175836 | 2144198613 | 1190774496 | 1545378822 | 1130677058 | 1226787126 | 1429615884 | 2143829900 | 1688757487 | 1334783939 | 1752705043 | 1491851398 | 1050762961 | 2142535622 | 1703618035 | 1817119797 | 1490573476 | 2144411477 | 1851190993 | 2060196423 | 2146451296 | 1374245245 | 1001626409 | 1051614731 | 2146189124 | 2143354734 | 1217366069 | 2147442495 | 2146991929 | 2143649547 | 2145263365 | 1982731982 | 2143731518 | 2147090177 | 1590582835 | 1477974289 | 1622540731 | 2145304275 | 1016995215 | 1698907218 | 2144665289 | 1639334035 | 1583005548 | 1590640627 | 1214851414 | 1844153517 | 2135440910 | 2143657602 | 2143198967 | 1307471015 | 1984272137 | 1545207106 | 2144943795 | 1112515383 | 2144902823 | 1904799753 | 2111036503 | 2053528545 | 1550130667 | 2144894537 | 1662993037 | 1349259766 | 2142740012 | 1371123728 | 1938526771 | 1799146112 | 1194313361 | 1194313360 | 2143337987 | 1335455322 | 2142969458 | 1523383046 | 1843268612 | 1031781539 | 2145451523 | 2146000396 | 2129182466 | 1506016196 | 2146164194 | 1063968102 | 1693181669 | 2144083421 | 1424955076 | 2143001995 | 1967970175 | 1589296269 | 2145730010 | 1158219574 | 1044159614 | 1690945166 | 1960253063 | 1671021005 | 2121227312 | 1543485842 | 1873890759 | 1024188278 | 2145566066 | 1907618601 | 2144369995 | 2143067425 | 2144116050 | 1684317903 | 1453282352 | 2145713494 | 1052482575 | 1156580934 | 2053159129 | 2037300142 | 2037300143 | 2037300140 | 2037300138 | 2037300139 | 1419302493 | 2021628600 | 2143747340 | 2146843962 | 2145246523 | 2107432827 | 1160701917 | 1540888795 | 1424406499 | 2146991348 | 2143755485 | 1684580210 | 2135596142 | 2145795264 | 1632141944 | 2145713372 | 1652957631 | 2143263876 | 1716610413 | 1271146629 | 1935437853 | 2143558815 | 1782810909 | 1648918824 | 1096008226 | 1404678351 | 1088791443 | 1682048824 | 1600838889 | 1315687918 | 1389482332 | 1856564537 | 2143730769 | 1824542551 | 2144861259 | 2076399734 | 2145262696 | 1140514893 | 1517451707 | 1843047948 | 1415329727 | 2146065421 | 2145311799 | 1393594600 | 2144697387 | 2117868070 | 2145704952 | 2145598463 | 1169580459 | 1318079161 | 1980052012 | 1983345176 | 2145729500 | 1887524036 | 1223494822 | 1616167963 | 2143001576 | 2143787922 | 2142829551 | 2145024898 | 1266675492 | 2088531996 | 1293715836 | 1343140971 | 1497685294 | 1343288448 | 1437356351 | 1886770400 | 1246605019 | 1615586530 | 1339550565 | 1535016898 | 2146138922 | 1753836610 | 1329679245 | 1686773857 | 1430368684 | 1579440935 | 2142517945 | 1982927654 | 1934358126 | 2143476453 | 2113566922 | 1993036793 | 2145811154 | 2029706692 | 2062557107 | 2117131124 | 1463218808 | 1442672805 | 1325140903 | 2145950346 | 2116475717 | 1925281714 | 1096885269 | 2144844459 | 1570322663 | 1054882718 | 2144647766 | 1082492180 | 2147301992 | 1262243488 | 2143910527 | 1307052112 | 2145278567 | 2018663824 | 1245147122 | 2135243400 | 2147187253 | 1905325132 | 2133039870 | 1393301228 | 1393301229 | 2145737225 | 1615259062 | 2144655908 | 1157505288 | 1393301234 | 1186455734 | 2144418269 | 1535737223 | 1452904598 | 1621624499 | 2145688002 | 1379996775 | 1408087498 | 2145221108 | 1140762053 | 1835608874 | 1842523028 | 1931900270 | 2143189490 | 1487994622 | 1131283767 | 1841367973 | 2143500709 | 1153163986 | 1995690137 | 1613768256 | 2143967673 | 1373476776 | 1894717079 | 1373476775 | 1160168282 | 1026161569 | 1147921124 | 1499668470 | 1587951626 | 1519803449 | 1219497503 | 2144680293 | 1129924067 | 1358911041 | 1682670219 | 1435743057 | 2143475972 | 1432236952 | 1865361890 | 2143320333 | 2144303387 | 2145450295 | 1920054445 | 1093887953 | 1442312980 | 1381274813 | 1594792416 | 2062146566 | 1141629680 | 2144852179 | 2145499369 | 1542257888 | 1442624243 | 1781337403 | 2145376453 | 1344329472 | 2143459552 | 1703289509 | 1991520669 | 2102827640 | 1754763181 | 1263414384 | 1240665778 | 2143271164 | 1981395292 | 1452454356 | 1804889286 | 2142738668 | 1165181457 | 1013725953 | 2143131850 | 2145048739 | 1769205491 | 1528315031 | 2142869545 | 2144467020 | 2145302592 | 2145753161 | 2144254051 | 1612302263 | 2146736193 | 2143369334 | 1289095953 | 1629251285 | 1542421566 | 1762815729 | 2041110080 | 2142959700 | 1063999643 | 1520786772 | 1822157677 | 1394382059 | 2142648397 | 2143131577 | 1155927278 | 1524011762 | 2143205266 | 2142885782 | 1849255435 | 1134554027 | 2147481530 | 2146088877 | 1555461368 | 1117645522 | 1688505544 | 1338615737 | 1100876269 | 1335642086 | 2146760560 | 1215963389 | 1209999501 | 1468579610 | 1209999499 | 1884649667 | 1912584535 | 2127279731 | 2144049015 | 1896864177 | 1929214525 | 1684909225 | 1096706453 | 2145908529 | 1620846663 | 1186549340 | 2146252551 | 1021080630 | 1972469118 | 2146948888 | 1771659418 | 1814545711 | 2146350821 | 1626786278 | 1424244214 | 1393515036 | 1393515034 | 1857071013 | 1544287505 | 2146514669 | 1461485116 | 2145294073 | 1714458391 | 2146825924 | 2000715378 | 1773019370 | 2143639168 | 2138363443 | 2144114344 | 1564152912 | 1608251062 | 1042036594 | 1895741841 | 1047295769 | 2144728662 | 1707691085 | 2145490543 | 2146268785 | 1005130358 | 2145187447 | 2147153489 | 1240064068 | 2143712872 | 1233977405 | 2143516275 | 2083337629 | 1653664594 | 1707633664 | 1978088491 | 1739271782 | 2143426060 | 2142869066 | 1295246539 | 2107709345 | 1013503594 | 1306445777 | 1170485212 | 1728056600 | 1634233161 | 2143786470 | 1742605820 | 1129752958 | 1872135613 | 1233552307 | 2144949659 | 1805779438 | 1097034545 | 1243996284 | 1561827149 | 2138739992 | 1914738762 | 1042666571 | 1844168600 | 1511739503 | 1313915946 | 1207504261 | 1543442817 | 2145047973 | 1254596678 | 2024157728 | 1817331416 | 2086606549 | 1411866291 | 2138002928 | 1335158064 | 1745240738 | 1920637096 | 1057338838 | 2146129206 | 2147357970 | 1755562577 | 2023330413 | 1537225051 | 1781924146 | 1477718814 | 1010317111 | 1234920075 | 1560262633 | 2143466715 | 1911675631 | 2044441334 | 1021728712 | 2145260774 | 1409507134 | 1059066909 | 1811153072 | 1584624952 | 2064044109 | 2032398958 | 2144892045 | 1602786525 | 1566766654 | 2143999137 | 1363409462 | 1409507196 | 2105513715 | 2143990869 | 1796161711 | 1591973185 | 1488376597 | 2006064191 | 1232011993 | 2002951381 | 2145743960 | 2145408038 | 2047390144 | 2047390145 | 1935022236 | 2146882595 | 2142770287 | 1119750505 | 1874437217 | 2144318481 | 1354660689 | 1777197597 | 1884691364 | 1959100208 | 2041672266 | 1459477763 | 1456085707 | 1673129868 | 2145350558 | 2142770171 | 1196436244 | 1962252465 | 2142876671 | 1820155962 | 1203506167 | 2081255490 | 1611525209 | 2145563577 | 2147406754 | 2143368092 | 1196436239 | 1564094809 | 2146448256 | 2143851449 | 2010356649 | 2061686429 | 1512404654 | 1829495175 | 1454717498 | 2121388741 | 1016827948 | 2035348970 | 1956804632 | 1341834040 | 2142950265 | 1318068823 | 1129344924 | 2143089523 | 1376665310 | 1805223754 | 2145063695 | 2147472163 | 1496847833 | 2145022775 | 1130721180 | 2147422969 | 2145858293 | 2142810794 | 1046115139 | 1359879215 | 1235985542 | 2146333402 | 1639533699 | 1600115301 | 2146423465 | 1729808974 | 1081453858 | 2143564444 | 2143916715 | 2144154280 | 1009004876 | 2146833049 | 1513346880 | 1685678351 | 1599926821 | 1547645252 | 1589547834 | 1907629106 | 1599746771 | 2146636386 | 2143220265 | 1210852785 | 2147406433 | 1702586582 | 1639820292 | 2143064578 | 1836851391 | 2124813164 | 2124813165 | 2146447906 | 2147103272 | 2142499430 | 1663971038 | 2145088035 | 2144965152 | 1031360642 | 1904344970 | 1657572547 | 1357651709 | 2146161139 | 1553789629 | 2146849242 | 1035482007 | 2143588854 | 2143564273 | 1351524024 | 1642827728 | 1517130833 | 1337549190 | 1654050011 | 1751238193 | 1257374888 | 1975442394 | 2105430798 | 2143932855 | 2126000188 | 2146611577 | 1455831115 | 1213392582 | 1684908749 | 1820148437 | 2145104159 | 2145915181 | 2143244662 | 2145071376 | 2146038075 | 2143252841 | 1262921116 | 1836721057 | 2146529552 | 1966922704 | 1493301235 | 2145440025 | 1282392723 | 1603277164 | 2144211150 | 1818100572 | 2144153800 | 1367350920 | 2143318220 | 2145407212 | 1053897180 | 1304396458 | 1246143837 | 2146865346 | 1956871067 | 1937587264 | 1526306247 | 1272513683 | 2146504851 | 2143187165 | 2023462908 | 2142703834 | 1770563322 | 2145415324 | 1645833572 | 2144080051 | 1836810995 | 1520833840 | 1875476561 | 1795744918 | 2144792694 | 2146365519 | 1067782148 | 1102155285 | 2128630111 | 1229850241 | 1195911321 | 2144628737 | 1757398879 | 1389075755 | 1397750959 | 1767073458 | 2145759232 | 2142826590 | 2146693147 | 2104267392 | 1522971956 | 2143391794 | 1492088604 | 1594568956 | 2143883208 | 2143489991 | 2146693115 | 1331961710 | 2146619388 | 2144145369 | 2143694813 | 2132201270 | 1037954557 | 2145931212 | 1260960532 | 2142498805 | 2144579470 | 2147045278 | 2144866224 | 2143932350 | 2144219061 | 1361199520 | 2026358863 | 2144997204 | 2147069814 | 1497041309 | 1967883756 | 1150481466 | 2145832790 | 1101943148 | 1012247726 | 2144784171 | 1561644054 | 1156363759 | 1190836222 | 1085698483 | 2142547634 | 1261967922 | 1148540262 | 1664250408 | 2144415472 | 2144734964 | 1952736576 | 2144145128 | 1233369256 | 1173632183 | 2105248809 | 1571540223 | 1480509798 | 1365843992 | 1255725995 | 2061405098 | 1794472841 | 1794472842 | 2143907392 | 2146848380 | 2107477008 | 1015098643 | 1536887357 | 1723627286 | 1518750506 | 1272666734 | 1628901536 | 2145807961 | 1212365195 | 1458456358 | 2119258013 | 1550560701 | 1290460466 | 1304075362 | 2144865848 | 1612927426 | 2145652234 | 1842895909 | 2147208699 | 2146938362 | 1355514593 | 2144923107 | 1970366287 | 2146561458 | 1549856295 | 2085604865 | 1109217362 | 2085604864 | 1936597306 | 2143219175 | 1086599835 | 1668698386 | 1291665036 | 1765505868 | 1709864854 | 2146815346 | 2143046971 | 2144226654 | 1936171505 | 1850432725 | 1467573715 | 1554845212 | 2146323802 | 1621963287 | 1299734469 | 1898013599 | 2146405678 | 1602096568 | 1050913900 | 1486178886 | 1247737989 | 1249548455 | 2067409371 | 2143849770 | 2111811389 | 1522583589 | 1591847961 | 1129582679 | 2050730302 | 2146315518 | 1664184359 | 2145037562 | 1834671742 | 1801230457 | 2054859095 | 1815478023 | 2032675349 | 2080436033 | 2146806974 | 1046596915 | 1864367170 | 2142932188 | 2146774168 | 1309719906 | 1918427608 | 2145225821 | 1004628075 | 2144595036 | 1885643762 | 1665462501 | 1804711997 | 1372332643 | 1473381477 | 2145848409 | 1254463757 | 1393983710 | 1024569033 | 1057582317 | 2060069176 | 1965311699 | 2143071167 | 2077863892 | 2143644624 | 2146634725 | 1075680259 | 2146716627 | 1102394782 | 1523445500 | 1701867847 | 1967120646 | 2145282971 | 1309022807 | 1388529309 | 2146552721 | 1855675118 | 2061553308 | 1587956262 | 2143447872 | 2144422738 | 1325579155 | 1154363479 | 2143914854 | 1958109191 | 2143177479 | 1108539094 | 2027596821 | 1811873560 | 2144496443 | 2144832317 | 1122252303 | 1599400529 | 2136189511 | 2144864966 | 1663424008 | 2145118959 | 2145143525 | 1048898495 | 1714074476 | 2144029315 | 2143185654 | 1795866218 | 1386383302 | 1326643810 | 1600195301 | 1404511793 | 1799872203 | 1158418587 | 1153192229 | 1669191384 | 2145151606 | 1983120280 | 1261551237 | 1886504371 | 2099783910 | 1456677671 | 1405486535 | 1528311061 | 1693168379 | 2145503732 | 2145798592 | 2143644140 | 1824389880 | 1085888243 | 2144831901 | 1877866915 | 1799888151 | 2142915034 | 2101603119 | 2145544595 | 1439777701 | 2011111762 | 2146822503 | 1576495969 | 2145536379 | 1438008082 | 2010988919 | 2144528764 | 1062185467 | 2144610656 | 1749663475 | 1721888880 | 2045325115 | 1575455504 | 2077256913 | 1050683813 | 1635915397 | 1029941867 | 2061290958 | 1923638716 | 1336957103 | 2143897833 | 1024199215 | 1861310940 | 1411564301 | 1736618160 | 2131552304 | 1527868500 | 1495887470 | 2082032468 | 2143340685 | 1844771488 | 1995768224 | 1236975330 | 1413505819 | 1903044102 | 1271291052 | 1713869132 | 2145953891 | 2147354737 | 2143742055 | 1729286333 | 2057973010 | 2147272770 | 2145429544 | 1060759795 | 1903494822 | 1553656646 | 2143430702 | 2142783566 | 2144200753 | 2146789385 | 1726603000 | 2145290187 | 1476292585 | 1572947439 | 2143815654 | 2146781132 | 2142660599 | 1993477781 | 1259729746 | 1532748560 | 2143119343 | 1355606168 | 1985015302 | 2104304955 | 2146142129 | 1339963269 | 1663384388 | 2142963673 | 2146011021 | 1541874574 | 1598523178 | 2143823801 | 1847096938 | 1436151060 | 2062574178 | 1789325874 | 1718525682 | 1632729593 | 1076287628 | 1792184935 | 2143995775 | 2146109266 | 1969450457 | 1017013283 | 1922001486 | 2138621881 | 2133231593 | 1727004220 | 1610565413 | 2147084066 | 1036338471 | 2142873426 | 1611528444 | 2144085816 | 1201201007 | 1706179760 | 2147444458 | 2109973717 | 1637587133 | 1213362557 | 2144364256 | 1723088772 | 1342687543 | 1361610781 | 1500651589 | 2147288773 | 1556505994 | 1344342382 | 1661901407 | 1083357638 | 1886980386 | 1891543525 | 2144298643 | 1424829837 | 1661401700 | 2062607254 | 2146977431 | 2142758594 | 2145969813 | 2143815247 | 1579313064 | 1039402107 | 1650604996 | 1961856328 | 1665120917 | 1364281597 | 1493557419 | 2146141788 | 2005544498 | 1411149217 | 2146256431 | 2146117156 | 1758318875 | 1207295522 | 1416736172 | 1689582928 | 2004233875 | 2140628603 | 1091852512 | 1747866071 | 1494794469 | 2081801752 | 1597531445 | 1337636259 | 2079769047 | 2142627218 | 1280816743 | 1884490262 | 1998007633 | 1889839843 | 2145748396 | 2143618462 | 2146493853 | 1247875084 | 1617369609 | 1947397728 | 1330271695 | 2143921500 | 2144191834 | 1932528042 | 2058813485 | 1473613180 | 1739889927 | 1996131387 | 1655765107 | 1052378227 | 2035565469 | 1854821456 | 1597973985 | 2142930277 | 2069619128 | 2144044350 | 1154317883 | 1276704538 | 2091812778 | 2146657524 | 1567065710 | 1575208681 | 1664464930 | 2146223348 | 1041990969 | 1834514030 | 2147402942 | 2143511681 | 2144920718 | 2146706595 | 2146755757 | 1497793053 | 2147402911 | 1434652398 | 2144633937 | 2083997629 | 1430548188 | 1711881618 | 2147452002 | 1412616086 | 1818253259 | 1462414492 | 1398376672 | 1684611024 | 2145109095 | 1725938975 | 1609147437 | 1499431566 | 2034975386 | 1073603618 | 2144240657 | 2145911812 | 2144584748 | 2147255294 | 2144945107 | 2144150464 | 1838797204 | 1559044339 | 2124202675 | 1341445060 | 1676599250 | 1327412060 | 1791211153 | 2143273939 | 2145026989 | 2143806393 | 1567924722 | 2146837374 | 2097439132 | 1673584487 | 1049133628 | 1455565429 | 1761104959 | 2142618493 | 2000448502 | 1732696972 | 2045879614 | 1154635776 | 1225209310 | 2143822634 | 2144977699 | 1009369301 | 1881615579 | 1052254789 | 1452485520 | 1030996087 | 2146042607 | 2113757402 | 1390014443 | 2144674534 | 1393823267 | 1461291557 | 2143625861 | 1080786212 | 2147304107 | 1519839214 | 2142962232 | 1316664305 | 1463503520 | 2144805449 | 2143248924 | 2143691370 | 2015880672 | 1908214897 | 2146001470 | 1223046462 | 1007239635 | 1193401085 | 2143928878 | 1378234321 | 2144895441 | 1861972208 | 1078238799 | 2143674824 | 2143060403 | 2052203588 | 1383689327 | 1122049275 | 2144526842 | 1060233497 | 2142929299 | 1624080122 | 2145927632 | 1686387405 | 2143510932 | 2145083820 | 2143928649 | 2147139963 | 1210857133 | 1246147795 | 2115190924 | 1151138361 | 1329459605 | 1451550775 | 1388579952 | 2147443008 | 2143838474 | 1726593066 | 1773639551 | 2144125188 | 2142617980 | 1194023413 | 1901187000 | 1443596512 | 1053999167 | 1726240779 | 2106573692 | 2084520648 | 2083685067 | 2144297268 | 1321161145 | 1498768991 | 2146484477 | 1528972346 | 1601478765 | 1601478766 | 1732745307 | 1525204431 | 1757706230 | 1375137475 | 1917496703 | 1063870559 | 2143297666 | 1630764667 | 1837003299 | 2145534085 | 1056473484 | 2144780383 | 1304506957 | 2145288267 | 2077762638 | 1447332306 | 1601478866 | 1424657229 | 1033044538 | 1350979371 | 1043562909 | 1196226815 | 1319661855 | 1901186792 | 1823011706 | 1901186693 | 1901186695 | 1182939477 | 1222285063 | 2146754603 | 1925704984 | 1999227085 | 2091606874 | 2112543983 | 2145133529 | 2143094715 | 2144969794 | 2145053823 | 2146060615 | 2146433578 | 1008950136 | 2146164620 | 2145679773 | 2144473322 | 2146581286 | 2143989178 | 2144552234 | 16100675727 | 5977605566 | 2146605788 | 2145104515 | 16647804000 | 13197852000 | 9785952000 | 14537088000 | 8757756000 | 14791968000 | 2119104514 | 2119104522 | 16570044000 | 1526186779 | 1526186787 | 15220476000 | 5943744000 | 2733634898 | 2733634906 | 16264188000 | 2029840714 | 2029840722 | 17473788000 | 15952284000 | 3138989687 | 3138989695 | 16506108000 | 5311181618 | 5311181627 | 13710204000 | 5575218026 | 5985620922 | 14876640000 | 4359984213 | 4799319036 | 15868476000 | 6685348682 | 6685348691 | 5397028411 | 5397028420 | 16519932000 | 13952793726 | 2846101953 | 13239360000 | 5111552178 | 5111552187 | 17371008000 | 5378794617 | 5587712059 | 7843680000 | 3572192096 | 3572192105 | 14967324000 | 7479225998 | 7479226008 | 17283708000 | 6775426879 | 6775426889 | 15943644000 | 6761425197 | 6761425207 | 6100092000 | 12836765183 | 12836765194 | 15658524000 | 9131679767 | 9131679777 | 15566076000 | 3567047101 | 3567047110 | 16576956000 | 4336477470 | 4336477479 | 17195580000 | 5968827834 | 5968827843 | 16373088000 | 9177675631 | 9177675641 | 8159906213 | 8159906223 | 16068096000 | 15760124184 | 15760124195 | 8502993658 | 8502993668 | 13131324000 | 9005021896 | 9005021906 | 16450848000 | 10050347580 | 10050347590 | 11822364000 | 10839137252 | 10839137262 | 15096060000 | 9014961638 | 9014961648 | 2155548276 | 2603618077 | 16926012000 | 4184426460 | 4252694840 | 16086240000 | 16355682429 | 16355682440 | 15375132000 | 6747618618 | 6747618627 | 3380548309 | 5921716255 | 6126876000 | 11252157166 | 14107220262 | 14503392000 | 18354162862 | 18354162873 | 16970940000 | 13343425451 | 13343425462 | 5969664000 | 11444306076 | 11444306087 | 17427996000 | 17589301803 | 17821440867 | 16710912000 | 2683548250 | 2683548251 | 16520796000 | 2846090541 | 2846090542 | 16519068000 | 17150115048 | 2613697524 | 10638684000 | 13319878994 | 13319879005 | 15643836000 | 2492306203 | 2536712318 | 5626579669 | 5626579681 | 10757952000 | 5133280007 | 5133280019 | 16517340000 | 10224530653 | 10224530665 | 16747200000 | 8093532022 | 8093532034 | 16862076000 | 13851261734 | 13851261746 | 13714524000 | 3431185307 | 5931880348 | 15419435843 | 15419435855 | 17141148000 | 2002117524 | 2171235981 | 17328672000 | 2173381173 | 2173381174 | 17382240000 | 2112605388 | 2112605389 | 2923321829 | 3111709265 | 7352028000 | 2966510966 | 3156769512 | 2966521919 | 3156553108 | 0026176914 | 3103656235 | 1.5135073480 | 4036665066 | 1.6914752521 | 19798368261 | 1.6119521200 | 1.4979491498 | 2493377913 | 1.8374706239 | 17645760000 | 1.8126888200 | 9668874591,0,,https://www.redfin.com/todays-mortgage-rates,real estate investors jacksonville fl,,,0,0,1,yes,yes,no,active,https://www.facebook.com/redfin,https://www.instagram.com/redfinrealestate/,,facebook; instagram; twitter,3,https://twitter.com/Redfin,google_cse,Tier 1,"Investment Property - Jacksonville, FL Homes for Sale | Redfin",N/A,https://www.redfin.com/city/8907/FL/Jacksonville/amenity/investment+property,,2714
"10151 Deerwood Park Blvd Building 300, Suite 300, Jacksonville, FL 32256, USA",,google,,,,5,,95.0,14,https://www.facebook.com/LippesMathias,2026-01-23T05:25:00.577586Z,2026-01-23,100,100,,0.67,lippes.com,29,CWALKER@LIPPES.COM,8,"10151 Deerwood Park Blvd Building 300, Suite 300, Jacksonville, FL 32256, USA",https://maps.google.com/?cid=5371934091007755273,Lippes Mathias LLP,10,ChIJwVPdTJvJ5YgRCQRUE5jxjEo,4.1,18,http://www.lippes.com/,https://maps.google.com/?cid=5371934091007755273,Christopher A. Walker,careers,active,careers,0,[],0,20,0,45,2025-04-30,https://www.lippes.com/rails/active_storage/blobs/redirect/eyJfcmFpbHMiOnsibWVzc2FnZSI6IkJBaHBBcVVPIiwiZXhwIjpudWxsLCJwdXIiOiJibG9iX2lkIn19--4367125c39a3a009d14966e6c4a9e83cb07056a7/Walker%20Desk%20Web.png,"Christopher A. Walker advises investors, financial institutions, developers, builders, contractors, condominiums and civic associations, and others in the de...",Lippes Mathias LLP,6797326291 | 904.660.0020 | 646.673.8633 | 872.254.5500,10,,,real estate investors jacksonville fl,4.1,,1,0,1,yes,no,no,active,https://www.facebook.com/LippesMathias,,https://www.linkedin.com/in/attorneychristopherawalker/ | https://www.linkedin.com/company/lippes-mathias-wexler-friedman-llp/,facebook; linkedin; twitter,3,https://twitter.com/LippesMathias,google_cse,Tier 1,Christopher A. Walker | Lippes Mathias LLP,N/A,https://www.lippes.com/team/christopher-a-walker-107,18,766
"841 Prudential Dr 12th Floor, Jacksonville, FL 32207, USA",meta_ads,,facebook_pixel,,,5,,60.0,15,https://www.facebook.com/share.php?u=https%3A%2F%2Fwww.biggerpockets.com%2Fforums%2F48%2Ftopics%2F1185719-best-area-to-buy-rental-property-in-jacksonville | https://facebook.com/BiggerPockets,2026-01-23T05:25:30.480563Z,2026-01-23,100,100,,0.67,biggerpockets.com,44,logo@2x-41cb3d87079ac1ef4371ac91cbb08387cebf25d485e016645a632fa3709b6935.png,11,"1506 King St, Jacksonville, FL 32204, USA",https://maps.google.com/?cid=13020641676369488195,Thirdstone Properties,10,ChIJvyJEyJW55YgRQ2mmS56csrQ,4.5,198,https://www.thirdstoneproperties.com/,https://maps.google.com/?cid=2578683715740627585,best area to buy rental property in Jacksonville?,careers,active,careers,0,[],0,15,0,121,2026-01-17,https://biggerpockets.s3.amazonaws.com/assets/FB_default_image.jpg,,Buying Jax Homes,6736392302 | 1824858362 | 1068728559 | 1.6556509999 | 8176914592 | 1712988529 | 1747861037 | 9176914592 | 1769145925,10,,https://www.biggerpockets.com/rates,real estate investors jacksonville fl,5,,1,1,0,yes,yes,no,active,https://www.facebook.com/share.php?u=https%3A%2F%2Fwww.biggerpockets.com%2Fforums%2F48%2Ftopics%2F1185719-best-area-to-buy-rental-property-in-jacksonville | https://facebook.com/BiggerPockets,https://www.instagram.com/biggerpockets,https://www.linkedin.com/shareArticle?mini=true&source=biggerpockets.com&title=General+Real+Estate+Investing&url=https%3A%2F%2Fwww.biggerpockets.com%2Fforums%2F48%2Ftopics%2F1185719-best-area-to-buy-rental-property-in-jacksonville,facebook; instagram; linkedin; twitter,4,https://twitter.com/intent/tweet?text=General+Real+Estate+Investing%2Bhttps%3A%2F%2Fwww.biggerpockets.com%2Fforums%2F48%2Ftopics%2F1185719-best-area-to-buy-rental-property-in-jacksonville | https://twitter.com/biggerpockets,google_cse,Tier 1,best area to buy rental property in Jacksonville?,N/A,https://www.biggerpockets.com/forums/48/topics/1185719-best-area-to-buy-rental-property-in-jacksonville,284,1127
"6821 Southpoint Dr N Room 226, Jacksonville, FL 32216, USA",,google,,,,5,,51.72,181,https://realwealth.com/scaling-smart-book/ | https://realwealth.com/the-wise-investor-book/ | https://realwealth.com/schedule-strategy-session/ | https://realwealth.com/services/bookkeeping/ | https://realwealth.com/real-estate-investing-books/ | https://www.facebook.com/RealWealthNetwork,2026-01-23T05:25:37.318479Z,2026-01-23,100,100,https://realwealth.com/contact-us/,0.33,realwealth.com,32,hello@realwealth.com | realwealth-logo-white@2x.png.webp | realwealth-logo-white@2x.png,10,"2695 Post St #1190, Jacksonville, FL 32204, USA",https://maps.google.com/?cid=2931919405179376972,Steady Close - Real Estate Investments,0,ChIJ75GJM-W55YgRTJXKPypFsCg,5,8,https://www.steadyclose.com/,https://maps.google.com/?cid=8503169785992554401,Jacksonville Real Estate Investing + Turnkey Investment Properties for Sale,careers; jobs,active,careers; jobs,0,[],0,29,0,188,2024-07-18,https://realwealth.com/wp-content/uploads/Jacksonville-Florida-Real-Estate-Investment-Opportunity.jpeg,Learn about Jacksonville real estate investing opportunities and view turnkey investment properties for sale now. Invest today.,Jacksonville Real Estate Investors Association,1.3333333333 | 8333333333 | 1.4444444444 | 7777777777 | 6666666666 | 2222222222 | 1.7777777777 | 1.1111111111 | 9444444444 | 1.3888888888 | 8888888888 | 1.4117647058 | 1.2222222222 | 7222222222 | 1.8571428571 | 1765387412 | 6895048954 | 6892516548 | +18887963896 | (999) 999-9999 | 9999999999 | 1769103139 | 3219219229 | 1769103138 | 110-2025031 | 1769103140,10,,https://realwealth.com/cost,real estate investors jacksonville fl,4.8,,0,0,1,yes,yes,yes,active,https://www.facebook.com/RealWealthNetwork,https://www.instagram.com/realwealth/,https://www.linkedin.com/company/real-wealth-network/,facebook; instagram; linkedin; twitter,4,https://x.com/realwealthnet,google_cse,Tier 1,Jacksonville Real Estate Investing + Investment Properties for Sale,N/A,https://realwealth.com/real-estate-markets/jacksonville-florida-investing/,34,2200
"6821 Southpoint Dr N Room 226, Jacksonville, FL 32216, USA",meta_ads,google,facebook_pixel,,,5,,28.57,10,https://www.facebook.com/groups/jaxreia,2026-01-23T05:21:18.641525Z,2026-01-23,98,90,,0.33,jaxreia.com,20,,6,"6821 Southpoint Dr N Room 226, Jacksonville, FL 32216, USA",https://maps.google.com/?cid=8503169785992554401,Jacksonville Real Estate Investors Association,10,ChIJMwaTwE-05YgRoafrXt5TAXY,4.8,34,http://jaxreia.org/,https://maps.google.com/?cid=8503169785992554401,Jacksonville Real Estate Investors Association,,1,,0,[],0,7,0,245,2024-07-18,Misc/ClubLogo/JaxREIA_Logo.png,Jax REIA,Jacksonville Real Estate Investors Association,6389012842 | 8885457342 | (888) 545-7342,10,,https://www.jaxreia.com/pricing,real estate investors jacksonville fl,4.8,,1,0,0,yes,no,yes,,https://www.facebook.com/groups/jaxreia,,,facebook,1,,google_cse,Tier 1,Jax REIA,N/A,https://www.jaxreia.com/,34,3312
"6821 Southpoint Dr N Room 226, Jacksonville, FL 32216, USA",,facebook; tiktok,,,,5,,98.0,111,https://www.facebook.com/gramercyunion,2026-01-23T05:21:57.496717Z,2026-01-23,98,90,,0.0,meetup.com,70,,9,"6821 Southpoint Dr N Room 226, Jacksonville, FL 32216, USA",https://maps.google.com/?cid=8503169785992554401,Jacksonville Real Estate Investors Association,10,ChIJMwaTwE-05YgRoafrXt5TAXY,4.8,34,http://jaxreia.org/,https://maps.google.com/?cid=8503169785992554401,Jacksonville Real Estate Investors of Florida - @ Whitey's,careers; jobs,active,careers; jobs,0,[],0,50,0,84,2024-07-18,https://secure.meetupstatic.com/photos/event/6/0/8/c/600_519144716.jpeg,"Real Estate Investors of Florida (REIF) in Jacksonville is an innovative Association for Real Estate Investors in Baker, Bradford, Clay, Duval, Nassau, Putnam, St. Johns and Union Counties. Come to one of our monthly Meetings and find out why.You will see difference.• Quality knowledge sharing from",Jacksonville Real Estate Investors Association,7924058076 | 2403839689 | 904-335-6212 | 422053-0522 | 423-8597008 | 4729556451 | 270-0346364 | 7798217632 | 14662525839 | 1.6099689437 | 1.9718012070 | 0079840636 | 3600274472 | 3600444223 | 3600463395 | 2052788640 | 2052788641 | 2052788642 | 2057377243 | 2057662995 | 2052788795 | 2052788796 | 2052788797 | 2055524676 | 2060585935 | 2052788816 | 2052788817 | 2052788818 | 2059076077 | 1990920764 | 1990920765 | 2052788587 | 2052788588 | 2054589433 | 2055049454 | 2055389051 | 2051622328 | 2051622329 | 2051780199 | 2052788841 | 2053102061 | 2040462755 | 2040462756 | 2040462757 | 2047243627 | 2047408966 | 2039946219 | 2039946222 | 2039946224 | 2040462716 | 2044633682 | 2317664353 | 2967113218,10,,https://www.meetup.com/prices,real estate investors jacksonville fl,4.8,,0,0,0,yes,yes,yes,,https://www.facebook.com/gramercyunion,,,facebook,1,,google_cse,Tier 1,Jacksonville Real Estate Investors of Florida - @ Whitey's | Meetup,N/A,https://www.meetup.com/jacksonville-real-estate-investors-of-florida-meeting/,34,1117
"405 Golfway W Dr, St. Augustine, FL 32095, USA",,,,,,5,,100.0,91,/elite/the-books,2026-01-23T05:21:58.946244Z,2026-01-23,97,100,https://dlpcapital.com/contact,0.0,dlpcapital.com,32,info@dlpcapital.com,4,"405 Golfway W Dr, St. Augustine, FL 32095, USA",https://maps.google.com/?cid=11139067834917727039,DLP Capital,10,ChIJxXfb9wUv5IgRPytAtS3rlZo,4.6,20,https://dlpcapital.com/,https://maps.google.com/?cid=11139067834917727039,A Private Real Estate Investment Firm with a Purpose,careers; jobs,active,careers; jobs,0,[],0,15,0,111,2020-10-20,https://dlp-capital.transforms.svdcdn.com/production/uploads/all-media/seo-global-images/dlp-capital-st-augustine-headquarters.jpg?w=1200&h=630&q=82&auto=format&fit=crop&dm=1759427560&s=68db4cb0b3c7ab6c64748849e16ea654,DLP Capital is a high growth IMPACT investor that leverages capital with real estate-backed investments to build wealth and prosperity for all of our…,DLP Capital,6866766460 | 1759427560 | 1758733670 | 5810895938 | 8126482035 | 1753199622 | 1758733673 | 1758734092 | 1091247970 | 1759849418 | 1757617176 | 1964265819 | 1757527273 | 4900931091 | 1757616648 | 1757615215 | 1762182774 | 403019 1440 | 1757612608 | 3176436502 | 1118820607 | 1762195380 | 1756393802 | 6863021086 | 1754596217 | 1115205411 | 1759429462 | 1.800.350.8061,10,,,real estate investors jacksonville fl,4.6,,0,0,0,yes,yes,yes,,,,,,0,,google_cse,Tier 1,A Private Real Estate Investment Firm with a Purpose | DLP Capital,N/A,https://dlpcapital.com/,20,2091
"3400 Kori Rd #7, Jacksonville, FL 32257, USA",meta_ads,facebook,facebook_pixel,,,5,,66.67,48,https://www.facebook.com/Faderandco,2026-01-23T05:22:09.640819Z,2026-01-23,76,90,,0.67,faderandco.com,11,,8,"3400 Kori Rd #7, Jacksonville, FL 32257, USA",https://maps.google.com/?cid=15708021453265302722,Fader & Co. We Buy Homes and Land Jacksonville Florida,3,ChIJjwsSFm7J5YgRwvQXfkka_tk,5,1,https://faderandco.com/,https://maps.google.com/?cid=15708021453265302722,,,0,,0,[],0,6,0,29,2022-07-29,,,Fader & Co. We Buy Homes and Land Jacksonville Florida,1769110133 | 1769110137 | 1769110138 | 1750952629 | 5088447714 | 6327098190 | 9000000176 | 19044537968 | (904) 453-7968 | 1047472567 | 17507771219 | 3315121716 | 18101936101 | 7121304171 | 8121519581 | 403-2359860,3,,,real estate investors jacksonville fl,5,,0,1,1,yes,no,yes,active,https://www.facebook.com/Faderandco,https://www.instagram.com/faderandco/,,facebook; instagram,2,,google_cse,Tier 2,Fader and Co. Real Estate Investors – Jacksonville FL Home Buyers,N/A,https://faderandco.com/,1,605
"6440 Southpoint Pkwy, Jacksonville, FL 32216, USA",,google,,,,5,,14.29,54,https://www.facebook.com/FoundryCommercial,2026-01-23T05:22:52.332186Z,2026-01-23,35,80,https://www.foundrycommercial.com/contact/,0.33,foundrycommercial.com,26,brad.chrischilles@foundrycommercial.com,6,"6440 Southpoint Pkwy, Jacksonville, FL 32216, USA",https://maps.google.com/?cid=10085740438748123563,Foundry Commercial,2,ChIJIXl--PW15YgRq9FfFH6_94s,,,http://www.foundrycommercial.com/,https://maps.google.com/?cid=10085740438748123563,Jacksonville Commercial Real Estate Brokers,careers,active,careers,0,[],0,21,0,68,,https://www.foundrycommercial.com/wp-content/uploads/2023/03/locations_header_jacksonville.jpeg,Jacksonville Commercial Real Estate Brokers with over two decades of experience. Get in touch today.,Foundry Commercial,1769143609 | 339.307 1004 | 290.886 1007 | 292.555 1007 | 408.958 1110 | 367.059 1049 | 425.936 1097 | 410.125 1074 | 258.405 1189 | 234.639 1204 | 227.071 1226 | 164.613 1209 | 164.083 1193 | 159.093 1170 | 152.255 1191 | 189.409 1167 | 200.129 1165 | 216.545 1217 | 723.225 6723 | 904-345-2020 | (999) 999-9999,2,,,real estate investors jacksonville fl,,,1,0,0,yes,yes,yes,active,https://www.facebook.com/FoundryCommercial,https://www.instagram.com/foundrycommercial/,https://www.linkedin.com/company/foundry-commercial/,facebook; instagram; linkedin; twitter,4,https://twitter.com/FoundryCRE,google_cse,Tier 3,Jacksonville Commercial Real Estate Brokers – Foundry Commercial,N/A,https://www.foundrycommercial.com/locations/jacksonville-commercial-real-estate-brokers/,,728
"50 N Laura St Suite 1750, Jacksonville, FL 32202, USA",,google,,,,5,,44.44,179,https://www.facebook.com/FranklinStLLC,2026-01-23T05:23:23.367516Z,2026-01-23,25,70,,0.0,franklinst.com,30,,11,"50 N Laura St Suite 1750, Jacksonville, FL 32202, USA",https://maps.google.com/?cid=604278811952691440,Franklin Street - Jacksonville,1,ChIJRYDyGG235YgR8Di8u2DUYgg,,,http://franklinst.com/,https://maps.google.com/?cid=604278811952691440,SERVICES,careers; jobs,active,careers; jobs,0,[],0,9,0,183,,https://franklinst.com/wp-content/uploads/2020/07/US-FS-Map-1.png,"Commercial real estate agency headquartered in Tampa, Fla., with nine offices located in the Sun Belt. Offering commercial sales, leases, insurance & property services.",Franklin Street - Jacksonville,1597328902 | 1768995607 | 1764935269 | 1768995608 | 1768995611 | 1742281506 | 813 839 7300 | 1608208243 | 1387705771 | 1768995612,1,,https://franklinst.com/prices,real estate investors jacksonville fl,,,0,0,0,yes,yes,yes,active,https://www.facebook.com/FranklinStLLC,https://www.instagram.com/franklinstreet.cre/,https://www.linkedin.com/company/franklin-street,facebook; instagram; linkedin; twitter,4,https://twitter.com/FranklinST_llc,google_cse,Tier 3,Commercial Real Estate & Insurance Brokerage | Franklin Street,N/A,https://franklinst.com/,,1276
"5310 Lenox Ave # 16, Jacksonville, FL 32205, USA",,,,,,5,,25.0,94,https://www.facebook.com/DawgsIncChicago/,2026-01-23T05:24:02.117706Z,2026-01-23,25,90,https://www.dawgsinc.com/contact-us/,0.67,dawgsinc.com,28,,7,,,,,,,,,https://maps.google.com/?cid=9814088001839391207,Emerging Hotspots in Commercial Real Estate in 2024: Top 7 U.S. Cities,jobs; join our team,active,jobs; join our team,0,[],0,12,0,84,2025-10-17,https://www.dawgsinc.com/wp-content/uploads/2024/03/Commercial-Property-For-Sale-600x450.jpeg,"When it comes to commercial real estate investment, choosing the right up-and-coming cities is crucial for value and growth potential. But how do investors spot the rising stars that will deliver returns now and into the future? The key is understanding the indicators of a strong emerging CRE market",Bird Dog Real Estate Group,17370358873 | 2147483647 | 1001973978 | 0147217561 | 16789033691 | 16789028213 | (877) 883-2947 | 18020508450 | 17181982207 | 15428106616 | 1-877-883-2947 | 1768332761,10,,https://www.dawgsinc.com/cost,real estate investors jacksonville fl,4.8,,0,1,1,yes,yes,yes,active,https://www.facebook.com/DawgsIncChicago/,https://www.instagram.com/dawgsinc/,https://www.linkedin.com/company/door-and-window-guard-systems/,facebook; instagram; linkedin,3,,google_cse,Tier 3,Emerging Hotspots in Commercial Real Estate in 2024: Top 7 U.S. Cities | DAWGS,N/A,https://www.dawgsinc.com/emerging-hotspots-in-commercial-real-estate-in-2024-top-7-u-s-cities/,42,1800
"6821 Southpoint Dr N Room 226, Jacksonville, FL 32216, USA",,google,,,,5,,24.56,109,,2026-01-23T05:24:41.797230Z,2026-01-23,20,90,https://www.arenaco.com/contact/,0.33,arenaco.com,31,,7,"841 Prudential Dr # 900, Jacksonville, FL 32207, USA",https://maps.google.com/?cid=8669156117929476718,Real Estate Investor Association REIA | Hard Money Lenders Jacksonville,0,ChIJB752cQ635YgRbkKX344HT3g,,,https://realestateinvestorassociation.com/service-areas/real-estate-investor-association-reia-hard-money-lenders-jacksonville,https://maps.google.com/?cid=8503169785992554401,Seeing What’s Possible,careers; jobs,active,careers; jobs,0,[],0,57,0,153,2024-07-18,https://www.arenaco.com/wp-content/uploads/2024/05/Z9T05___AIR___OpenGraphThumbnail___1200x630___NAI___2024-05-15.png,Arena Investors is an institutional asset manager that provides creative solutions for those seeking capital in special situations.,Jacksonville Real Estate Investors Association,0946145364 | 6084986053 | 6084987187 | 3063326136 | 6175783788,10,,,real estate investors jacksonville fl,4.8,,0,0,1,yes,no,yes,active,,,https://www.linkedin.com/company/arena-investors-lp/,linkedin; twitter,2,http://twitter.com/arenainv,google_cse,Tier 3,"Home - Arena Investors, LP",N/A,https://www.arenaco.com/,34,1532
