platform,url,title,snippet,intent_score,date,type
Review Site,https://www.yelp.com/biz/farah-and-farah-jacksonville-6,FARAH & FARAH - Updated February 2026 - Yelp,"... Jacksonville, FL · Professional Services · Lawyers · Personal Injury Law. Farah & Farah ... 1 star, because that's the Least I can give ... read more. Helpful 1.",9,recent,unhappy_customer
Review Site,https://www.yelp.com/biz/the-law-office-of-shands-m-wulbern-p-a-jacksonville-4,"THE LAW OFFICE OF SHANDS M. WULBERN, P.A - Yelp - Yelp","One reviewer on GOOGLE gave him 1 star for telling her he was ""too busy"" to take her call -which I HIGHLY DOUBT ---- SO TACKY to take the time of her day to ...",9,recent,unhappy_customer
Review Site,https://www.yelp.com/search?find_desc=Estate+Planning+Lawyer&find_loc=Jacksonville%2C+FL,"TOP 10 BEST Estate Planning Lawyer in Jacksonville, FL - Yelp","... office. Mason Law Firm - Estate Planning Lawyer near me - Jacksonville, Florida ... 1 star for telling her he was ""too busy"" to take her call -which I HIGHLY ...",9,recent,unhappy_customer
Review Site,https://www.yelp.com/biz/law-office-of-david-b-sacks-jacksonville,LAW OFFICE OF DAVID B. SACKS - Updated February 2026 - Yelp,"ZERO STARS, NOT 1 star. I hired Mr Sacks back in 2016 to represent me in a lawsuit against my former employer. If I could go back in time and do it all over ...",9,recent,unhappy_customer
Review Site,https://www.yelp.com/biz/kenny-leigh-and-associates-jacksonville,Kenny Leigh & Associates - Divorce & Family Law - Yelp,... 1 star because there is nothing lower. read more. Helpful 5. Helpful 6. Thanks ... Our legal firm represents Jacksonville Florida men who are facing legal ...,9,recent,unhappy_customer
Review Site,https://www.yelp.com/biz/the-coleman-law-firm-jacksonville-2,THE COLEMAN LAW FIRM - Updated February 2026 - Yelp,Terrible experience. This firm advertises heavily they are the best estate planning attorneys and they cover all of Florida.,9,recent,unhappy_customer
Review Site,https://www.yelp.com/biz/law-offices-of-stephen-a-smith-jacksonville,LAW OFFICES OF STEPHEN A. SMITH - Updated February 2026,"Smith because our son was in a terrible car crash in December of 2023, we ... BEST of Jacksonville, FL Legal Services near Law Offices of Stephen A.",9,recent,unhappy_customer
Review Site,https://www.yelp.com/biz/the-truck-accident-law-firm-jacksonville,THE TRUCK ACCIDENT LAW FIRM - Updated January 2026 - Yelp,"Smith because our son was in a terrible car crash in December of 2023, we had another… ... Law Firms in Jacksonville, Florida · Dui Lawyer in Jacksonville ...",9,recent,unhappy_customer
Review Site,https://www.yelp.com/biz/law-offices-of-henry-gare-pa-jacksonville-2,"LAW OFFICES OF HENRY GARE, PA - Updated February 2026 - Yelp","Smith because our son was in a terrible car crash in December of 2023, we had another… ... BEST of Jacksonville, FL Coffee near Law Offices of Henry Gare, PA.",9,recent,unhappy_customer
Review Site,https://www.yelp.com/biz/the-law-offices-of-nooney-and-roberts-jacksonville,THE LAW OFFICES OF NOONEY & ROBERTS - Updated ... - Yelp,"Terrible! Absolutely terrible! They do not do any work for you and then ... BEST of Jacksonville, FL Lawyers near The Law Offices Of Nooney & Roberts.",9,recent,unhappy_customer
