Title,URL,Domain,EstimatedTraffic
Just a moment...,https://www.justia.com/lawyers,justia.com,Traffic not found
"Top Rated Lawyers, Attorneys & Law Firms by Practice Area or Location",https://www.lawyers.com/find-a-lawyer/,lawyers.com,Traffic not found
Attention Required! | Cloudflare,https://upcity.com/,upcity.com,Traffic not found
Find The Right Lawyer. Learn About Your Legal Issue | Lawyers.com,https://www.lawyers.com/,lawyers.com,Traffic not found
Just a moment...,https://answers.justia.com/,answers.justia.com,Traffic not found
Contact Us | Lawyers.com,https://www.lawyers.com/contact-us/,lawyers.com,Traffic not found
"Vinton,  IA Bankruptcy Chapter 7 Lawyers & Law Firms - Find the Best Near You",https://www.lawyers.com/bankruptcy-chapter-7/vinton/iowa/law-firms/,lawyers.com,Traffic not found
Just a moment...,https://trademarks.justia.com/995/52/kuvvsx-99552168.html,trademarks.justia.com,Traffic not found
Just a moment...,https://trademarks.justia.com/995/31/drytrac-99531758.html,trademarks.justia.com,Traffic not found
Just a moment...,https://trademarks.justia.com/995/36/ncnwgw-99536294.html,trademarks.justia.com,Traffic not found
